{
  "Brest": {
    "anger": 16.642857142857142, 
    "disgust": 16.708333333333332, 
    "fear": 23.742857142857144, 
    "joy": 7.19404761904762, 
    "positivity": 102.05357142857143, 
    "sadness": 18.694047619047616, 
    "surprise": 11.059523809523808
  }, 
  "Kerbrient": {
    "anger": 5.4, 
    "disgust": 4.2666666666666675, 
    "fear": 5.250000000000001, 
    "joy": 2.666666666666666, 
    "positivity": 41.366666666666674, 
    "sadness": 3.9666666666666672, 
    "surprise": 4.016666666666667
  }, 
  "Rennes": {
    "anger": 2.619047619047619, 
    "disgust": 1.833333333333333, 
    "fear": 6.3357142857142845, 
    "joy": 1.0833333333333333, 
    "positivity": 25.428571428571427, 
    "sadness": 4.052380952380952, 
    "surprise": 3.0
  }, 
  "Saint-Brieuc": {
    "anger": 1.8666666666666667, 
    "disgust": 0.9999999999999999, 
    "fear": 4.033333333333333, 
    "joy": 1.5333333333333332, 
    "positivity": 22.766666666666666, 
    "sadness": 4.483333333333333, 
    "surprise": 2.3666666666666667
  }
}
